date,module,track,cell_id,hypothesis,statistic,point_estimate,ci_low,ci_high,ci_excludes_zero,n_events,n_dates,n_tickers,cost_hurdle_annual,cost_convention,cost_verdict,plateau_check,tier,outcome,notes,detail_ref
2026-09-08,M4,B,dist_pct_sma_20_h21,fwd 21d return is a structured function of displacement from SMA20 (dist_pct),c2_decile_spread,-0.004639,-0.007758,-0.001366,True,244356,2747,,0.02465,"costs.py signals_per_year, 10bps/rt (reconciled 2026-09-09; original ad hoc figure was ~5.06%/yr)",fails,pass (agrees with dist_atr/dist_z at SMA20),3,weak_not_cost_viable,"C2 tercile-not-decile match (universe-size deviation, see PREREGISTRATION.md C2 note)",PREREGISTRATION.md#M4
2026-09-08,M4,B,dist_pct_sma_50_h21,fwd 21d return is a structured function of displacement from SMA50 (dist_pct),c2_decile_spread,-0.003,-0.006533,0.000326,False,241891,2747,,,not tested -- CI includes zero before cost is even applied,not_tested,n/a,4,no_effect,,DEAD_ENDS.md#M4-SMA50-SMA200
2026-09-08,M4,B,dist_pct_sma_200_h21,fwd 21d return is a structured function of displacement from SMA200 (dist_pct),c2_decile_spread,-0.001602,-0.005312,0.002444,False,229580,2747,,,not tested -- CI includes zero before cost is even applied,not_tested,n/a,4,no_effect,Point estimates showed a U-shape that looked clean before block-bootstrap CI was applied,DEAD_ENDS.md#M4-SMA50-SMA200
2026-09-08,M4,B,dist_atr_sma_20_h21,fwd 21d return is a structured function of displacement from SMA20 (dist_atr),c2_decile_spread,-0.003716,-0.006649,-0.000937,True,244356,2747,,0.02619,"costs.py signals_per_year, 10bps/rt (reconciled 2026-09-09; original ad hoc figure was ~5.06%/yr)",fails,pass (agrees with dist_pct/dist_z at SMA20),3,weak_not_cost_viable,,PREREGISTRATION.md#M4
2026-09-08,M4,B,dist_atr_sma_50_h21,fwd 21d return is a structured function of displacement from SMA50 (dist_atr),c2_decile_spread,-0.002601,-0.005791,0.000358,False,241891,2747,,,not tested -- CI includes zero before cost is even applied,not_tested,n/a,4,no_effect,,DEAD_ENDS.md#M4-SMA50-SMA200
2026-09-08,M4,B,dist_atr_sma_200_h21,fwd 21d return is a structured function of displacement from SMA200 (dist_atr),c2_decile_spread,-0.002003,-0.005186,0.001376,False,229580,2747,,,not tested -- CI includes zero before cost is even applied,not_tested,n/a,4,no_effect,,DEAD_ENDS.md#M4-SMA50-SMA200
2026-09-08,M4,B,dist_z_sma_20_h21,fwd 21d return is a structured function of displacement from SMA20 (dist_z),c2_decile_spread,-0.003736,-0.006543,-0.001182,True,223752,2729,,0.02617,"costs.py signals_per_year, 10bps/rt (reconciled 2026-09-09; original ad hoc figure was ~5.06%/yr)",fails,pass (agrees with dist_pct/dist_atr at SMA20),3,weak_not_cost_viable,,PREREGISTRATION.md#M4
2026-09-08,M4,B,dist_z_sma_50_h21,fwd 21d return is a structured function of displacement from SMA50 (dist_z),c2_decile_spread,-0.00181,-0.004507,0.001045,False,221292,2699,,,not tested -- CI includes zero before cost is even applied,not_tested,n/a,4,no_effect,,DEAD_ENDS.md#M4-SMA50-SMA200
2026-09-08,M4,B,dist_z_sma_200_h21,fwd 21d return is a structured function of displacement from SMA200 (dist_z),c2_decile_spread,-0.002724,-0.005497,0.00015,False,208973,2549,,,not tested -- CI includes zero before cost is even applied,not_tested,n/a,4,no_effect,252-day self-normalisation window found measurably unstable at this lookback (rank corr with dist_pct ~0.69 vs ~0.88-0.93 at shorter lookbacks) -- a plausible mechanism for the extra noise,DEAD_ENDS.md#M4-SMA50-SMA200
2026-09-09,M1,B,above_sma_20,fwd 21d return differs above vs below SMA20,c2_delta,-0.002146,-0.003495,-0.000791,True,751406,2744,405,0.03038,"costs.py signals_per_year (30.377 flips/ticker-yr), 10bps/rt",fails,n/a (single-lookback state cell),3,weak_not_cost_viable,"above/below are exact algebraic mirrors under C1/C2 -- this row combines both directions, not two independent tests. 38.2% C2-eligibility row loss.",PREREGISTRATION.md#M1
2026-09-09,M1,B,above_sma_50,fwd 21d return differs above vs below SMA50,c2_delta,-0.00183,-0.003406,-0.000306,True,743745,2746,405,0.01799,"costs.py signals_per_year (17.990 flips/ticker-yr), 10bps/rt","fails (point clears at -2.196%, CI-bound edge -0.367% does not)",n/a (single-lookback state cell),3,weak_not_cost_viable,"above/below are exact algebraic mirrors under C1/C2 -- this row combines both directions, not two independent tests. 38.2% C2-eligibility row loss.",PREREGISTRATION.md#M1
2026-09-09,M1,B,above_sma_200,fwd 21d return differs above vs below SMA200,c2_delta,-0.002149,-0.004234,4.8e-05,False,549243,2747,405,0.00779,"costs.py signals_per_year (7.785 flips/ticker-yr), 10bps/rt",not_tested -- 3D CI already touches zero (ci_high=+0.000048),n/a (single-lookback state cell),4,no_effect,above/below are exact algebraic mirrors -- combined here. Worst row loss (51.9%) and heaviest all-above skew (84.5%) of the three lookbacks -- open cross-module SMA200 anomaly watch item (see STATUS.md).,DEAD_ENDS.md#M1-SMA200
2026-09-09,M1,B,run_length_all_lookbacks,"fwd 21d return varies with the age of the above/below state (run-length bucket), DESIGN's ""does a fresh reclaim beat a stale one"" sub-question",c2_delta_per_bucket (24 cells: 3 lookbacks x 2 directions x 4 buckets),,,,mixed (1 of 24 cells),,2483-2747 (range across 24 cells),,,not applicable -- killed on the plateau rule before cost stage,not_tested,"fail -- every lookback/direction zigzags sign, no smooth progression",4,no_effect,"Only 1 of 24 cells (lb50 above / 6-21) has a CI excluding zero, but its immediate neighbours are opposite-signed and don't exclude zero -- a lone-pixel failure of DESIGN §6.7's plateau rule, not a finding.",DEAD_ENDS.md#M1-run-length
2026-09-09,M1,B,run_length_lb20_below_64plus_check,"not a hypothesis test -- data-quality check on the single largest point estimate in the run-length grid (C0=+3.50%, in-cell mean fwd_ret_21=+4.97%), to rule out a censoring/bucketing defect before treating it as small-sample noise","manual verification (ticker list, year distribution, one hand-checked ticker's raw close vs sma_20 vs run_length_bucket_sma_20 labels)",,,,,179,,16,,not applicable,not_tested,n/a,not_tiered,verified_correct_not_a_defect,"COP's close closed below its 20-day SMA continuously 2015-05-04 to 2015-08-03 (64 consecutive trading days, no gaps), and run_length_bucket_sma_20's labels transition exactly where the day-count predicts. A genuine but tiny, event-clustered sample (several tickers each contribute one continuous crisis-episode stretch, not independent draws) -- already correctly flagged below_threshold (16 tickers < MIN_TICKERS=30).",git history: docs/features/moving-averages/DEAD_ENDS.md pre-2026-09-09
